{
  "project_info": {
    "project_number": "600851814663",
    "project_id": "app-analpha",
    "storage_bucket": "app-analpha.appspot.com"
  },
  "client": [
    {
      "client_info": {
        "mobilesdk_app_id": "1:600851814663:android:06b8eb1b888452f4128da2",
        "android_client_info": {
          "package_name": "com.intellectusbf.appanalpha"
        }
      },
      "oauth_client": [
        {
          "client_id": "600851814663-ucomeca81pjnfjo55leivjlgpqvqnblm.apps.googleusercontent.com",
          "client_type": 3
        }
      ],
      "api_key": [
        {
          "current_key": "AIzaSyBkppsGjWEou7y5VLTg1ajNxIry-oYqXps"
        }
      ],
      "services": {
        "appinvite_service": {
          "other_platform_oauth_client": [
            {
              "client_id": "600851814663-ucomeca81pjnfjo55leivjlgpqvqnblm.apps.googleusercontent.com",
              "client_type": 3
            }
          ]
        }
      }
    }
  ],
  "configuration_version": "1"
}